bat_costs,cvar_costs,imb_costs,line_costs,load_shedding_island_costs,obj
30493.253876419556,398866.13585261744,0.0,416012.92359269736,19943.306792337684,655910.8987915954
