H,soc_ref,x_sd,x_sd_var,x_sd_var_kw,x_sd_var_kwh
2,0.0,0.0,0.0,0.0,0.0
19,0.0,0.0,0.0,0.0,0.0
20,0.09745750001457054,1.0,180.47685187883434,541.430555636503,1082.861111273006
26,0.10110240000067305,1.0,187.22666666791307,561.6800000037392,1123.3600000074784
